{"iterations": 624, "depth": 10, "learning_rate": 0.13520264290116002, "random_strength": 7, "bagging_temperature": 0.6498981773262688, "od_type": "IncToDec", "l2_leaf_reg": 9.440659211883807}